IssuingNetwork,CardNumber
American Express,341243971119684
American Express,377038735492402
American Express,371937154525046
American Express,375466754928398
American Express,341261539229928
American Express,373277986204520
American Express,345019979098211
American Express,377906666465003
American Express,347671084909191
American Express,349511328216532
American Express,342085863151450
American Express,344138412135074
American Express,378681952357391
American Express,377822418395267
American Express,349268428177011
American Express,371471586770285
American Express,370820563162042
American Express,370634800488320
American Express,347616131469269
American Express,345516478182958
American Express,374064293641233
American Express,379621219860158
American Express,340985880901567
American Express,372136935227803
American Express,343041154965206
American Express,379416671330653
American Express,348420350576212
American Express,378796908853903
American Express,343679137510175
American Express,379412437432644
American Express,341907411546363
American Express,345186447684193
American Express,378494969387496
American Express,344433076871381
American Express,370723787416477
American Express,345549033971979
American Express,378941805186946
American Express,375111742481163
American Express,373599301897658
American Express,344607090598597
American Express,379863330859533
American Express,340790828065370
American Express,370815554475056
American Express,375530474807925
American Express,373472729409557
American Express,348443108234330
American Express,373742984253209
American Express,373531626637683
American Express,375712872731689
American Express,349900308609230
American Express,379889807156624
American Express,346506688003887
American Express,343930532914227
American Express,348046974357190
American Express,348173113007740
American Express,344984917734642
American Express,376019313883833
American Express,341704797661530
American Express,378273652579191
American Express,378060458346085
American Express,345662950123555
American Express,378615451828692
American Express,379295314730713
American Express,372129836863222
American Express,372241462347808
American Express,345103832890004
American Express,345333543570815
American Express,378962460751790
American Express,346735090099163
American Express,375533428032913
American Express,373138349908654
American Express,347198235565532
American Express,370122263561536
American Express,344985846456595
American Express,371455535353947
American Express,373247220582353
American Express,344159006006760
American Express,349920784937624
American Express,345575341528912
American Express,372411071877467
American Express,349340689377273
American Express,377272427829718
American Express,341760598069000
American Express,343366975540098
American Express,347380357888492
American Express,340215241258477
American Express,348136420362827
American Express,349922787156012
American Express,372374059154848
American Express,347169982439775
American Express,343213042576285
American Express,377920107596805
American Express,343883350857822
American Express,375221276723573
American Express,375201291282086
American Express,375339769435909
American Express,348254892230891
American Express,347675107946924
American Express,372884676687160
American Express,372390896028854
American Express,341248526245058
American Express,347491298143325
American Express,377202254409250
American Express,346935151500980
American Express,349391546170054
American Express,342216667018831
American Express,379977706306901
American Express,378070570189008
American Express,376066234377650
American Express,370806634942009
American Express,374544478760635
American Express,348216276983338
American Express,343988284528116
American Express,341361474023144
American Express,346317027645150
American Express,370643938491767
American Express,347643988369657
American Express,379535714616107
American Express,374023823688692
American Express,372556053291747
American Express,342594102974812
American Express,377070612110435
American Express,345497606548180
American Express,344163709176169
American Express,371017696727796
American Express,373176062460255
American Express,348544285569107
American Express,340092382494439
American Express,378197004210595
American Express,344681532469337
American Express,349890167485667
American Express,345042308115258
American Express,375889649026013
American Express,341327232533393
American Express,345768040011021
American Express,372523590174646
American Express,372586878726650
American Express,371810171538070
American Express,370243088440845
American Express,377144336107215
American Express,373319805611210
American Express,340388170699415
American Express,375881234300689
American Express,373365743609048
American Express,378884156766413
American Express,376097123149991
American Express,375719059803769
American Express,372073737372414
American Express,344850174703358
American Express,371007343118440
American Express,341494307086937
American Express,343425391305534
American Express,376510559056746
American Express,374895288668115
American Express,342780535584084
American Express,347950657500110
American Express,376816462205738
American Express,370747268683875
American Express,349748066787759
American Express,345889276757507
American Express,345240184395776
American Express,347593063936468
American Express,376232052698789
American Express,344518270426261
American Express,343064741690657
American Express,372586503463950
American Express,371565156281829
American Express,341267466591347
American Express,346269348302039
American Express,379071516364944
American Express,342589669140591
American Express,344947219366520
American Express,344925340246019
American Express,341280036604508
American Express,346050777610260
American Express,348669630264979
American Express,346232207505019
American Express,340426123608180
American Express,341422712781875
American Express,345203864648799
American Express,349538200064706
American Express,374676037309007
American Express,341698711989516
American Express,371685874249864
American Express,349091719173675
American Express,374823965430021
American Express,370702099377189
American Express,346771931768195
American Express,341932989056074
American Express,370717695872508
American Express,378151282526792
American Express,376653755121425
American Express,349455196879718
American Express,341196090406103
American Express,377389070679149
American Express,379248248412155
American Express,377115916522759
American Express,346729562473832
American Express,349539562905767
American Express,348308123893628
American Express,376426334754358
American Express,375727076854038
American Express,379289033821440
American Express,346725435288472
American Express,371372308522006
American Express,340595680870100
American Express,344822066000813
American Express,370940387366056
American Express,345601642912827
American Express,346919296690781
American Express,347612489325260
American Express,343450418006816
American Express,378581143767765
American Express,373553423567822
American Express,371016002190129
American Express,348473436614242
American Express,344481996891526
American Express,348964723864144
American Express,344939882186228
American Express,340428228783413
American Express,340803917498525
American Express,373499651238134
American Express,371318016975226
American Express,349030913266133
American Express,347592756385579
American Express,344322322250617
American Express,370482638489411
American Express,376988547607202
American Express,370766253526675
American Express,342553103972647
American Express,372103890418280
American Express,349176539766608
American Express,373527768410723
American Express,378285284281194
American Express,375525228118983
American Express,341552403029521
American Express,344432174384461
American Express,343485213178568
American Express,346930467106002
American Express,347923442847617
American Express,379918036565907
American Express,377535245939996
American Express,342304373066029
American Express,376230855224282
American Express,375092548679467
American Express,377341697994401
American Express,376979762434489
American Express,377660838363501
American Express,340513114957161
American Express,346118814225259
American Express,373462505726423
American Express,342532249634915
American Express,341562524158539
American Express,372893874220609
American Express,376119957252780
American Express,372679271269970
American Express,349558730272207
American Express,346984006382715
American Express,370138745584367
American Express,371856486770163
American Express,370416253679021
American Express,345228287828819
American Express,341411548839791
American Express,348443984289457
American Express,346018899851849
American Express,377076797507519
American Express,377261291085440
American Express,372224316851902
American Express,341287299287368
American Express,373558598583264
American Express,377969815720371
American Express,370146203699163
American Express,341102465818757
American Express,345055960403515
American Express,344630917526328
American Express,371212865634358
American Express,373926574166018
American Express,346624181056649
American Express,348754269726462
American Express,348309486896620
American Express,376255750316214
American Express,345855986929652
American Express,344322036356593
American Express,374523964579022
American Express,376991230045284
American Express,344958349459150
American Express,343252659908142
American Express,378142202291682
American Express,342878836347340
American Express,345085343711771
American Express,341810753975754
American Express,379180965221479
American Express,375437017186314
American Express,374513049995947
American Express,342777632145348
American Express,343300982331936
American Express,340317191548012
American Express,340684852704121
American Express,374154025787873
American Express,375550250471373
American Express,379598249087699
American Express,373206070675063
American Express,372846081863371
American Express,378052469448927
American Express,342891490140117
American Express,371878761121425
American Express,345008984316247
American Express,373002894361760
American Express,372693955055779
American Express,370703568439823
American Express,344761254516257
American Express,375697717065718
American Express,377562544006376
American Express,341573556587354
American Express,376300273426775
American Express,379714389296160
American Express,342075916662629
American Express,378006106462220
American Express,349641155504476
American Express,347228143428372
American Express,341976474191847
American Express,378989843288158
American Express,378218865104055
American Express,340178935407208
American Express,371264829059446
American Express,343955072105316
American Express,377466468294218
American Express,347299095308284
American Express,344611713842929
American Express,377464043092306
American Express,341003781272028
American Express,376472876534196
American Express,345857009761351
American Express,376926701387500
American Express,375174530907229
American Express,343507653253435
American Express,374436876695234
American Express,378196708130711
American Express,342380781870939
American Express,373846740092759
American Express,379301885751722
American Express,379471784953107
American Express,344222909410586
American Express,370426156690900
American Express,342765768840428
American Express,379950414680156
American Express,342746318815110
American Express,371758693394318
American Express,376017444789549
American Express,379040762959129
American Express,346149918646157
American Express,346445293344982
American Express,348600320287178
American Express,373693966749104
American Express,379643719075657
American Express,374817251732041
American Express,349815046506466
American Express,341509017000892
American Express,372222736890567
American Express,370893858857071
American Express,375687215582728
American Express,372984043100812
American Express,349019422425462
American Express,342523486480559
American Express,371494229044439
American Express,345138591428075
American Express,374070013419446
American Express,344396590597644
American Express,349561732087987
American Express,379708970516374
American Express,378252117430687
American Express,349671410118911
American Express,376538473222698
American Express,370575013838043
American Express,373947054251963
American Express,340869402461260
American Express,375732323696851
American Express,342878489877452
American Express,374011017615480
American Express,340174261750048
American Express,343430732787689
American Express,342992074007167
American Express,344657190746513
American Express,344207457469068
American Express,340435230713064
American Express,379482864234045
American Express,373898629892064
American Express,377315087467004
American Express,373692672636829
American Express,371168269770927
American Express,348804701789568
American Express,342375331481377
American Express,372112406377435
American Express,340669705770007
American Express,370611371194859
American Express,376084914701776
American Express,349035684535731
American Express,373013195082104
American Express,379236169415521
American Express,349766689451116
American Express,370717530876599
American Express,346090294466606
American Express,379107721001952
American Express,343520767706610
American Express,347936594892819
American Express,344173787859370
American Express,374302131337956
American Express,344121102756896
American Express,374172962508318
American Express,371210293360679
American Express,371259355538003
American Express,341733944345663
American Express,341278343991493
American Express,378806052819889
American Express,378454117259708
American Express,341707055993149
American Express,374935225579726
American Express,345921584951793
American Express,344749427314064
American Express,346759828099535
American Express,345776882340457
American Express,370238656956008
American Express,348710275261118
American Express,373744581917814
American Express,346251168294090
American Express,371254971498237
American Express,340232198368233
American Express,374059052187840
American Express,341736741790403
American Express,375649004990843
American Express,348526987493108
American Express,348944930007562
American Express,379305516704653
American Express,349933043118167
American Express,349009094594802
American Express,345802480558629
American Express,343341258800915
American Express,370006233486280
American Express,374754245370176
American Express,348937293186247
American Express,379589412083151
American Express,346038859373113
American Express,346690231170474
American Express,342127265781698
American Express,379889952083524
American Express,341974373153240
American Express,345025402397625
American Express,371872040666771
American Express,340004494621239
American Express,373605910120711
American Express,340233882261288
American Express,370730795235807
American Express,343480722512928
American Express,372947303224275
American Express,340243324735161
American Express,375073327246272
American Express,343658887946417
American Express,378951266391679
American Express,379627528766804
American Express,370713724571328
American Express,375329208869057
American Express,342124578986874
American Express,341267400716349
American Express,375992822015231
American Express,371280409655841
American Express,371809894765069
American Express,372418139109247
American Express,345258466218839
American Express,379677582571913
American Express,344522066379197
American Express,347081184758870
American Express,347697191590491
American Express,346302226829987
American Express,379877633869387
American Express,370545917598480
American Express,377011237261419
American Express,371724001769674
American Express,343561143636345
American Express,376149331222993
American Express,347240868617477
American Express,375182370171566
American Express,341508990274086
American Express,378582452479430
American Express,340801802533224
American Express,349851998885418
American Express,372012173471298
American Express,349542311450465
American Express,348894527100181
American Express,376195537913778
American Express,349390708721522
American Express,344224905388774
American Express,345340991005673
American Express,379061857140276
American Express,375361631096008
American Express,349031046957887
American Express,370877699449206
American Express,343670706109523
American Express,349149208172358
American Express,349421847271887
American Express,349417957998244
American Express,370812705487114
American Express,372121894627813
American Express,346044970543402
American Express,372664731386804
American Express,373264250405231
American Express,349700727500840
American Express,340142016802224
American Express,375698604274637
American Express,345627847269507
American Express,340743655417230
American Express,344026930840269
American Express,373592777209805
American Express,345087219987139
American Express,376314532167815
American Express,377356905775996
American Express,342965927537515
American Express,349949484955487
American Express,347168730876502
American Express,349651486689979
American Express,377853648430525
American Express,345375793176371
American Express,372461743708129
American Express,379772362477827
American Express,342476796790946
American Express,347263651500825
American Express,372937797149732
American Express,343872529156992
American Express,370546698380965
American Express,341087839232555
American Express,349718020897614
American Express,373115925302916
American Express,370257701914390
American Express,372353906211936
American Express,378651518968775
American Express,342433149978728
American Express,341325300680179
American Express,348137338005961
American Express,340978429055375
American Express,372294441935490
American Express,342016280346068
American Express,349256536257866
American Express,340582340523824
American Express,343412220247715
American Express,370692352931022
American Express,372060870496043
American Express,372547814541637
American Express,346977782061438
American Express,343372707451125
American Express,378945621984954
American Express,348998819135597
American Express,346483009582181
American Express,375978456166291
American Express,340646106212045
American Express,345869697132621
American Express,347753015216365
American Express,343015899556785
American Express,371406728366717
American Express,340347909460051
American Express,346009226777070
American Express,376630899598494
American Express,342326162110056
American Express,371457322333793
American Express,349627738831783
American Express,346909521413422
American Express,344739970787014
American Express,371517172867990
American Express,346712946686527
American Express,375324034402546
American Express,347748903272496
American Express,379482373192049
American Express,376287313805649
American Express,373156450395313
American Express,374966582527123
American Express,371970867745783
American Express,370150020897778
American Express,340348331036048
American Express,378680143109489
American Express,341695674225748
American Express,343032822105838
American Express,370582324112423
American Express,348621088801109
American Express,373142678992768
American Express,374756597511810
American Express,346084988883564
American Express,341495930686811
American Express,373693755272045
American Express,347681912043147
American Express,378673557794037
American Express,372046111361989
American Express,345695385076972
American Express,341705857096483
American Express,371343925991197
American Express,345049704235440
American Express,341675598899992
American Express,341770747244719
American Express,345797882489870
American Express,379445243522232
American Express,344084550148620
American Express,377113701888576
American Express,341699167982732
American Express,349124623848254
American Express,379186396501587
American Express,376378048126961
American Express,375773382770419
American Express,371346974457705
American Express,378976531218985
American Express,349128606015500
American Express,377880711371096
American Express,342533007151696
American Express,370678066913794
American Express,346726380393580
American Express,371746889969845
American Express,346003275366687
American Express,342798051056394
American Express,348397959942740
American Express,343605184151407
American Express,345065847534713
American Express,348276581670095
American Express,340298548066884
American Express,374098752777955
American Express,349750282324540
American Express,378777750230200
American Express,342382444810500
American Express,371539623050570
American Express,376876825258543
American Express,373478488466118
American Express,377961010158002
American Express,376907743391353
American Express,348422608795255
American Express,370481316213192
American Express,349898621181863
American Express,344200048074976
American Express,346850646286675
American Express,348418528812261
American Express,345685751618085
American Express,378740720698641
American Express,374056494046543
American Express,340346215557279
American Express,372961078159681
American Express,341584099050248
American Express,378699327661768
American Express,342778059891331
American Express,341401725277089
American Express,346624618858880
American Express,379375498509206
American Express,346295287584139
American Express,343947337578957
American Express,342826177998866
American Express,374067874271429
American Express,346009193874975
American Express,379903936407830
American Express,372795420035284
American Express,342182146723203
American Express,341710613828856
American Express,348822968473189
American Express,377483066424329
American Express,374273236765831
American Express,375872581021630
American Express,374049107383031
American Express,345629830178422
American Express,347451738517090
American Express,374241823923824
American Express,371449084645001
American Express,343001150099285
American Express,378954146318243
American Express,372735531723782
American Express,346877895518086
American Express,341298581131198
American Express,373525312902666
American Express,342024795692646
American Express,346134892832429
American Express,340936599018714
American Express,349124920562210
American Express,371742610581868
American Express,348173408958276
American Express,378128743084355
American Express,341929499626685
American Express,374090126004224
American Express,378054916264295
American Express,370991745153173
American Express,373511400213794
American Express,342672312693198
American Express,341343195110731
American Express,370979578830843
American Express,344519353007309
American Express,347193231762738
American Express,371759145678944
American Express,370177746646106
American Express,378737956550801
American Express,343758625541296
American Express,371673892459335
American Express,347398733296909
American Express,372019193955382
American Express,347957034661408
American Express,345578666498547
American Express,348649585565943
American Express,370485133841440
American Express,375636497076305
American Express,345446739947892
American Express,372179079221851
American Express,342811651303106
American Express,377121968563030
American Express,376032100184273
American Express,346270235777283
American Express,342482340336558
American Express,379365527508394
American Express,379480628608751
American Express,342452402761571
American Express,346399274845741
American Express,347641391816868
American Express,343387792337484
American Express,378156289787057
American Express,377879574720720
American Express,344049666448552
American Express,347148335219605
American Express,377088489482315
American Express,371138515643434
American Express,344111223136979
American Express,343475884839424
American Express,375980548555945
American Express,378784944062333
American Express,341094749262078
American Express,341780483318833
American Express,372899057447463
American Express,373341271404953
American Express,346289063248589
American Express,346374456208869
American Express,341560947278876
American Express,370287422053244
American Express,379319394867664
American Express,343823662304899
American Express,376223404128096
American Express,348747729108727
American Express,371301401899763
American Express,348898719953026
American Express,342995445886441
American Express,346680582906071
American Express,376758696150282
American Express,377350713536419
American Express,347919527443900
American Express,372858273619818
American Express,372766776166700
American Express,342460043735250
American Express,341389405499299
American Express,347092127122504
American Express,341751384051732
American Express,375866337215496
American Express,340928192914225
American Express,340481395561815
American Express,370629249188630
American Express,346068555096262
American Express,377400805942593
American Express,372869940514100
American Express,341676822572066
American Express,345436808346340
American Express,375243655958661
American Express,377813202755360
American Express,343856477194642
American Express,370483563579499
American Express,371869297254145
American Express,376285898190791
American Express,346353943388369
American Express,340782444912952
American Express,370118033670698
American Express,372282205035193
American Express,343480697455137
American Express,345794727655617
American Express,344496993738025
American Express,373796834241988
American Express,346669677930203
American Express,371711152226463
American Express,371996269242939
American Express,371108511778567
American Express,340863039288352
American Express,344550602225285
American Express,375437054055356
American Express,345252514323899
American Express,346440169781862
American Express,344955832088876
American Express,342300587665259
American Express,370744232301478
American Express,370304858870916
American Express,346783995661489
American Express,379613209559015
American Express,379402725857222
American Express,344341675330743
American Express,375289150368880
American Express,349670158320911
American Express,341977921235708
American Express,343562817398089
American Express,349474185824593
American Express,378072142435471
American Express,341427247869806
American Express,377049968598484
American Express,345760797409805
American Express,347086202595816
American Express,340292263201743
American Express,340567416113246
American Express,345238813902483
American Express,342608561520203
American Express,341432386184363
American Express,375040813429910
American Express,346593068385217
American Express,349812263008490
American Express,379146877013122
American Express,377867161184764
American Express,345446970874250
American Express,377314243525045
American Express,374401188578957
American Express,346296301727589
American Express,377807829529745
American Express,375752925018072
American Express,374484027679806
American Express,343104896585417
American Express,344189228867368
American Express,346338173040830
American Express,379079509362429
American Express,349115370989333
American Express,349199378511729
American Express,343017150196970
American Express,340526893868565
American Express,340132278156922
American Express,372583503272358
American Express,346965616484850
American Express,340003292120220
American Express,376468625243741
American Express,371276683192832
American Express,347243892297720
American Express,349582341293212
American Express,343832384409720
American Express,347292778688205
American Express,345613715640359
American Express,349061845752478
American Express,377056012408099
American Express,346695466438744
American Express,340706414574559
American Express,344728962888237
American Express,342835658932864
American Express,376058215110721
American Express,373495481054881
American Express,373158842336070
American Express,349561950532011
American Express,374296693827901
American Express,375036308886283
American Express,376276652155401
American Express,370558096113971
American Express,370466319579459
American Express,379606732153017
American Express,372458328955018
American Express,346086024086334
American Express,340576030119422
American Express,343168388611643
American Express,341491463383314
American Express,344451993307149
American Express,340244138085298
American Express,376363803314481
American Express,342104821426688
American Express,379055575205304
American Express,375170275289310
American Express,344905131249679
American Express,378162827619893
American Express,371047196661716
American Express,341156759585795
American Express,379471787907738
American Express,344816649843699
American Express,341655243741484
American Express,345968015075940
American Express,375660939626832
American Express,370039590901187
American Express,342299784423712
American Express,379827116580506
American Express,372327905769250
American Express,349872263546998
American Express,376411112211482
American Express,343340482119043
American Express,340864795735552
American Express,374176933842268
American Express,340909961360147
American Express,374457337012934
American Express,372854444416655
American Express,340317891571363
American Express,344519038483123
American Express,343069727194095
American Express,371739734253093
American Express,343095768633261
American Express,372535618647551
American Express,379002769793307
American Express,344326018604839
American Express,371056551485363
American Express,375301429512220
American Express,344731825260149
American Express,349367829496051
American Express,340806258498079
American Express,378920333170812
American Express,377983528860655
American Express,371738554686622
American Express,371195309240041
American Express,379163011021713
American Express,345031341734522
American Express,375149610584072
American Express,345358636242030
American Express,347581064565618
American Express,349256049373630
American Express,379982698445469
American Express,376628495596870
American Express,378131470544013
American Express,374432810553647
American Express,370114711242751
American Express,340258733019270
American Express,377799308963687
American Express,343046533501150
American Express,341179228582938
American Express,374843348584344
American Express,345541619826073
American Express,375979756828887
American Express,347761136582870
American Express,342870488508014
American Express,343579257263136
American Express,371070498133093
American Express,347263981339266
American Express,370726658279890
American Express,378181202619575
American Express,379619283716611
American Express,342990929542230
American Express,340369067055507
American Express,375576580829568
American Express,344866906692412
American Express,340728607822710
American Express,371011229556798
American Express,347217329028429
American Express,347027825352433
American Express,370149830759533
American Express,340230346457999
American Express,376597650987713
American Express,345928207365962
American Express,344120013376539
American Express,349151018559667
American Express,372425469754187
American Express,373956258024415
American Express,342760912784903
American Express,347756257497791
American Express,345085121069913
American Express,345406618620101
American Express,376193526718787
American Express,376338387029580
American Express,341755331658598
American Express,348712483052081
American Express,340030142038740
American Express,344149717337711
American Express,342593658277877
American Express,349701212010501
American Express,342515056834785
American Express,347358383130782
American Express,340559102223926
American Express,376008853813250
American Express,379181895086784
American Express,374434757413926
American Express,374659323071812
American Express,349965593618790
American Express,343441703036972
American Express,375877314466622
American Express,378560748902274
American Express,343800879162666
American Express,346484867197377
American Express,341818364673031
American Express,377025559422268
American Express,341783460206435
American Express,344939788135758
American Express,374733740843366
American Express,371635312317971
American Express,375578397266851
American Express,344300244082672
American Express,374664589590539
American Express,341478977037353
American Express,349849272776287
American Express,349882263442718
American Express,373978952378137
American Express,371830867271851
American Express,376433455831569
American Express,340469778978201
American Express,372009669885221
American Express,340636635411606
American Express,340590974652678
American Express,348037339405717
American Express,347841918225581
American Express,340863084684166
American Express,341909778170795
American Express,344464030106317
American Express,370514012512366
American Express,347322959267113
American Express,349219583243734
American Express,374587259455909
American Express,349930059334423
American Express,347399555117751
American Express,341744859525850
American Express,346100257538547
American Express,345457697658710
American Express,379093707414304
American Express,344626592656497
American Express,373745457769338

IssuingNetwork,CardNumber
Visa,4716520099961397
Visa,4716286644164594
Visa,4539907841627878
Visa,4929009159114249
Visa,4532044434051923
Visa,4916532849428146
Visa,4539303175072909
Visa,4485776379821060
Visa,4532930825843508
Visa,4276999651707277
Visa,4944458097374467
Visa,4916919696035837
Visa,4967794956130778
Visa,4929279384124285
Visa,4556177951567771
Visa,4556037859061410
Visa,4640651695795292
Visa,4556911555031978
Visa,4532621085162271
Visa,4716869364025911
Visa,4532997212162313
Visa,4916702480306675
Visa,4539735254884318
Visa,4929287975457964
Visa,4916046521278430
Visa,4556601604821970
Visa,4485187264772105
Visa,4556129495315571
Visa,4532198632267655
Visa,4532243366911951
Visa,4916276151818169
Visa,4909421657812337
Visa,4024007155427940
Visa,4929418850796529
Visa,4973905890944221
Visa,4984643317004413
Visa,4716122397013607
Visa,4024007163528358
Visa,4539896664051219
Visa,4929521577840304
Visa,4485554558278653
Visa,4716805990180779
Visa,4757002659603487
Visa,4024007122947483
Visa,4539021436248957
Visa,4024007141013085
Visa,4539372168688591
Visa,4532939686079482
Visa,4916296601511206
Visa,4716108228819247
Visa,4916306440158380
Visa,4532201753006470
Visa,4716775578303145
Visa,4485655768763333
Visa,4485086774617042
Visa,4929473411408155
Visa,4532933849206306
Visa,4556693096444981
Visa,4916162101125014
Visa,4716482979322259
Visa,4916180012510876
Visa,4916423105744857
Visa,4024007115503590
Visa,4556250102173987
Visa,4929049754794441
Visa,4024007128768578
Visa,4532948175639862
Visa,4532406007683012
Visa,4916526950752211
Visa,4926145374112791
Visa,4485292997836936
Visa,4024007154429350
Visa,4539829121647345
Visa,4929722817878035
Visa,4024007175157188
Visa,4929748295774719
Visa,4916515837736430
Visa,4556155242473579
Visa,4916087954655199
Visa,4929660829530626
Visa,4532323043567291
Visa,4556044740489750
Visa,4532306807619002
Visa,4532216477661145
Visa,4716906194689290
Visa,4716969274323073
Visa,4929079200368102
Visa,4556721471944810
Visa,4929262530198593
Visa,4539182970029169
Visa,4461509870762253
Visa,4539086201961118
Visa,4556066301074507
Visa,4024007133296615
Visa,4716243191134538
Visa,4716303348742656
Visa,4916820957440312
Visa,4539645373544018
Visa,4628255806641316
Visa,4556918075573512
Visa,4532314433058793
Visa,4425448272526849
Visa,4916243122337091
Visa,4485592159797713
Visa,4485680427964585
Visa,4539247882214231
Visa,4556972330085879
Visa,4716936601967641
Visa,4539302099249353
Visa,4929225523776741
Visa,4984207209839995
Visa,4485790095757029
Visa,4716028809602095
Visa,4485847601178510
Visa,4916642910096092
Visa,4916495965114017
Visa,4929718297703214
Visa,4716769697603741
Visa,4556426931358631
Visa,4532470132378658
Visa,4698297051026962
Visa,4916716246421107
Visa,4024007196830318
Visa,4532823884446455
Visa,4539039141318808
Visa,4620504600466810
Visa,4716919516332978
Visa,4024007139090327
Visa,4716513438662172
Visa,4485758377338107
Visa,4485915358386295
Visa,4024007192402740
Visa,4532675214622324
Visa,4690633141414941
Visa,4716673481048420
Visa,4929862570416316
Visa,4229508475193461
Visa,4539615086327829
Visa,4716542790591349
Visa,4556401574005781
Visa,4716487168412597
Visa,4929980382644766
Visa,4485474914132801
Visa,4932086355549092
Visa,4716746730043564
Visa,4539449160447745
Visa,4556930454998426
Visa,4024007115897331
Visa,4916419946526081
Visa,4539334541158957
Visa,4556054903036181
Visa,4916476866016568
Visa,4024007178631684
Visa,4556722921588074
Visa,4929035256391307
Visa,4556275219177290
Visa,4024007172811415
Visa,4929309373660575
Visa,4916519630044372
Visa,4716555608850285
Visa,4024007102752085
Visa,4916395330210260
Visa,4532166098919374
Visa,4539568686294404
Visa,4556900012826179
Visa,4485862541791595
Visa,4024007171207839
Visa,4716856999977160
Visa,4929962210314515
Visa,4081523164612918
Visa,4929788037714763
Visa,4556309501657246
Visa,4556042794759714
Visa,4916160812451901
Visa,4716086795060447
Visa,4539752250813456
Visa,4485237062998004
Visa,4024007150007523
Visa,4024007187483929
Visa,4485954361169059
Visa,4562415120582624
Visa,4929664541403039
Visa,4716861708585478
Visa,4485021551092861
Visa,4485853908740168
Visa,4539216251593921
Visa,4556898969182788
Visa,4916361205674642
Visa,4485149411337075
Visa,4830809066516222
Visa,4929667380557567
Visa,4556225549119124
Visa,4532927383374421
Visa,4916463436851898
Visa,4485289346508745
Visa,4532562965899709
Visa,4532923863539427
Visa,4916101429682132
Visa,4556374272930263
Visa,4539454825038921
Visa,4556023342311950
Visa,4532905908122053
Visa,4532438969894162
Visa,4532477748406344
Visa,4916512964535875
Visa,4556327461036557
Visa,4485790769161235
Visa,4485377967028216
Visa,4929726481404622
Visa,4916888677700885
Visa,4539838894004196
Visa,4532852624894187
Visa,4485127582795925
Visa,4863665783931858
Visa,4532110238572578
Visa,4532872435167524
Visa,4539268803133698
Visa,4485942192453776
Visa,4556698186290491
Visa,4532850966778026
Visa,4556214254446401
Visa,4556931207964657
Visa,4708091258104872
Visa,4532077641759748
Visa,4277007827688337
Visa,4716100842146305
Visa,4539558090020818
Visa,4485486721867825
Visa,4929070600159316
Visa,4929333586733862
Visa,4539578671559364
Visa,4929434108176216
Visa,4024007130251332
Visa,4024007122061285
Visa,4078663433523994
Visa,4916883053256107
Visa,4002914701513758
Visa,4024007194229315
Visa,4929758075612237
Visa,4485694857390856
Visa,4485784780706748
Visa,4916115320824999
Visa,4532575926810953
Visa,4024007109772318
Visa,4539180091682734
Visa,4024007147744980
Visa,4485456514264860
Visa,4485282565324092
Visa,4916612307482684
Visa,4539205275410360
Visa,4485824135447596
Visa,4539466726926087
Visa,4024007172111998
Visa,4485089309236411
Visa,4532456497913130
Visa,4929076389466293
Visa,4929281199955481
Visa,4916371854633583
Visa,4485100587801733
Visa,4922955317934620
Visa,4539350901856949
Visa,4929265602860982
Visa,4532142157216028
Visa,4532344830173143
Visa,4916452008924456
Visa,4539168295708439
Visa,4916968308988297
Visa,4539572296836265
Visa,4634675741455872
Visa,4929698816292537
Visa,4916745351286989
Visa,4916612658191108
Visa,4024007100734267
Visa,4311219173240773
Visa,4716917246259727
Visa,4539111661280583
Visa,4024007115549874
Visa,4916293643498567
Visa,4485359603913795
Visa,4055521419171674
Visa,4929342915194837
Visa,4024007155628349
Visa,4485577410729860
Visa,4532258883372073
Visa,4024007114883605
Visa,4485590251387060
Visa,4013958633503772
Visa,4916728847184281
Visa,4532083507308919
Visa,4929643379183087
Visa,4589614969153401
Visa,4539473718377626
Visa,4539822607096368
Visa,4716458924280560
Visa,4716487027850490
Visa,4485334542233423
Visa,4556731178470472
Visa,4485885039309505
Visa,4916879484995313
Visa,4485978061446780
Visa,4532698760569764
Visa,4916507355870311
Visa,4539992163710858
Visa,4422100218252302
Visa,4610699290620411
Visa,4556204148736844
Visa,4556452002588179
Visa,4916164645781278
Visa,4539123056188354
Visa,4485863545253749
Visa,4485318992836744
Visa,4929947985003393
Visa,4415765366414638
Visa,4485064357740499
Visa,4556874340522141
Visa,4024007124619601
Visa,4916060722322780
Visa,4556508541720449
Visa,4929281132594405
Visa,4485180924023464
Visa,4329490239823429
Visa,4539546344269364
Visa,4539044192665107
Visa,4929358873040721
Visa,4024007127026606
Visa,4485484969657685
Visa,4532327323387692
Visa,4916890284795845
Visa,4716666419223222
Visa,4556080229116977
Visa,4485539193943340
Visa,4532982988001747
Visa,4575913151198737
Visa,4916469723100550
Visa,4556776033194486
Visa,4556073251183643
Visa,4532765535855420
Visa,4532103332154724
Visa,4328537376724140
Visa,4539931768700211
Visa,4539941223597227
Visa,4485496669045706
Visa,4373095464551614
Visa,4556436887149397
Visa,4024007100196103
Visa,4485126301687769
Visa,4532051896954064
Visa,4024007138336945
Visa,4716056337524754
Visa,4532608603781153
Visa,4916146070005661
Visa,4716576794406690
Visa,4716920228094740
Visa,4716198253948573
Visa,4773326888623705
Visa,4024007178497417
Visa,4916184194284946
Visa,4485087244974427
Visa,4929314393099747
Visa,4716441352412863
Visa,4716271847502139
Visa,4485391687446723
Visa,4539410828055114
Visa,4916392505368783
Visa,4539785618339822
Visa,4953551673961893
Visa,4485488965882973
Visa,4539506606483632
Visa,4532867751658650
Visa,4556456172912507
Visa,4314366679423721
Visa,4716302882513515
Visa,4556161652511205
Visa,4716671036839814
Visa,4539771362495952
Visa,4916452425503289
Visa,4485978926275598
Visa,4485908042679191
Visa,4929530924159615
Visa,4139256505700355
Visa,4532972451357148
Visa,4485362053249074
Visa,4537132424114770
Visa,4171575496879400
Visa,4916053541117176
Visa,4916157318535344
Visa,4532129812700629
Visa,4916500473778649
Visa,4916368642552125
Visa,4532963581019864
Visa,4916864050686207
Visa,4929208087741939
Visa,4929956277595115
Visa,4485204113563039
Visa,4116384280676728
Visa,4929699837316644
Visa,4024007166043710
Visa,4716532168514684
Visa,4192638819590669
Visa,4539233294252688
Visa,4929872567670627
Visa,4532183545872262
Visa,4929917816091008
Visa,4929975496304992
Visa,4716361118196073
Visa,4929102856707058
Visa,4532021760885678
Visa,4916754574327554
Visa,4024007141726728
Visa,4916469847847037
Visa,4556871565603861
Visa,4556933733478384
Visa,4024007197191207
Visa,4532108834444036
Visa,4929037099016182
Visa,4929250407473553
Visa,4532435769303493
Visa,4539639248726397
Visa,4024007126604270
Visa,4024007189450868
Visa,4556276186818924
Visa,4024007108880757
Visa,4485158710643505
Visa,4024007179396329
Visa,4024007111247374
Visa,4916993184741024
Visa,4916667217520841
Visa,4532825118644524
Visa,4916292775045337
Visa,4532234289493557
Visa,4929983857455585
Visa,4024007190221084
Visa,4716233822313049
Visa,4916171004619379
Visa,4916350683383255
Visa,4539747311882946
Visa,4532502184413163
Visa,4485296306447095
Visa,4916850354376884
Visa,4929248010733819
Visa,4716669107401878
Visa,4556856524289613
Visa,4485227912377194
Visa,4916550651767443
Visa,4485511112080173
Visa,4929224852157078
Visa,4539598223051033
Visa,4532583053019570
Visa,4485223452107794
Visa,4141915423813378
Visa,4929906174836112
Visa,4539210081131846
Visa,4532367041620016
Visa,4532013333194290
Visa,4485920099692480
Visa,4556033893938895
Visa,4916788087845215
Visa,4929725667803995
Visa,4587276348686733
Visa,4916016893250010
Visa,4532459098871103
Visa,4539390533658347
Visa,4611023697875867
Visa,4539196142380326
Visa,4485067816591346
Visa,4556034167452118
Visa,4024007109032457
Visa,4485646822193690
Visa,4024007148121329
Visa,4556200109533063
Visa,4532275487892694
Visa,4485631964661647
Visa,4929749853764688
Visa,4929080576404984
Visa,4929529211231509
Visa,4532231579509274
Visa,4929315638286957
Visa,4539810678210505
Visa,4532907623497851
Visa,4539522761878771
Visa,4916336221772745
Visa,4916420817492791
Visa,4539060077770127
Visa,4539501834499302
Visa,4532607637479586
Visa,4874697921895387
Visa,4485573146895885
Visa,4485312463243498
Visa,4716388689885164
Visa,4916832078563872
Visa,4024007120274567
Visa,4024007125397249
Visa,4556760563317428
Visa,4539832521912301
Visa,4532053822469951
Visa,4532654121294436
Visa,4539206404760766
Visa,4024007125222181
Visa,4024007166400597
Visa,4532741847182852
Visa,4539939107093693
Visa,4539798616826054
Visa,4556728686158292
Visa,4539533615976281
Visa,4024007194366380
Visa,4716013191865526
Visa,4209248739097893
Visa,4273134981990418
Visa,4929565600653853
Visa,4532395793335269
Visa,4556297258575457
Visa,4929411250119616
Visa,4556581285558077
Visa,4539303858600265
Visa,4485619437051280
Visa,4024007103575600
Visa,4929331603676965
Visa,4532047449434679
Visa,4236406802057221
Visa,4716952285307707
Visa,4929198751473309
Visa,4929123226301018
Visa,4340344567521938
Visa,4539759001034456
Visa,4916511980245907
Visa,4485001723794628
Visa,4929040083448049
Visa,4556286201576522
Visa,4443907631874222
Visa,4539265112293874
Visa,4556851761645106
Visa,4485937522756971
Visa,4665547346475872
Visa,4929032671938952
Visa,4916585680504961
Visa,4716830612303534
Visa,4024007186749494
Visa,4539200369880560
Visa,4485730443020100
Visa,4539722619668628
Visa,4024007123589854
Visa,4485252050048225
Visa,4024007121141690
Visa,4556386145714542
Visa,4929161212940969
Visa,4024007136508537
Visa,4556190702676262
Visa,4929804289265998
Visa,4929790703209227
Visa,4929944239880791
Visa,4929024426477873
Visa,4556876537406087
Visa,4929162555807658
Visa,4532159040441605
Visa,4007039237288595
Visa,4916353062637002
Visa,4052833983347439
Visa,4539128961755965
Visa,4485808114438866
Visa,4539775002227451
Visa,4916589789943815
Visa,4024007177785168
Visa,4716499355029001
Visa,4916967494162642
Visa,4556899752606223
Visa,4556169376452234
Visa,4532571472730612
Visa,4556040257007597
Visa,4716970286748224
Visa,4556891480121021
Visa,4916768666179327
Visa,4485202549730958
Visa,4556124293013742
Visa,4916917175338888
Visa,4556792991763675
Visa,4532027945503128
Visa,4532478581887749
Visa,4556857115823760
Visa,4916032421611409
Visa,4532853664638237
Visa,4140699657512739
Visa,4485348833426975
Visa,4539639967107480
Visa,4556870305869253
Visa,4556197068136278
Visa,4532556791140262
Visa,4929436703428645
Visa,4929875115895828
Visa,4288461928635605
Visa,4485634070068749
Visa,4539818287554817
Visa,4485936473744739
Visa,4716072973226646
Visa,4539985461498150
Visa,4556392671955046
Visa,4024007123120221
Visa,4556194639275461
Visa,4539602380448238
Visa,4916754909439405
Visa,4485045996280674
Visa,4539258744531753
Visa,4916722033680020
Visa,4216165008334339
Visa,4556651822742177
Visa,4916257089904255
Visa,4532916130374636
Visa,4556200186307308
Visa,4916122682037863
Visa,4539782331847561
Visa,4716157900426052
Visa,4556400809223078
Visa,4929679798499068
Visa,4532224249376141
Visa,4532032983073901
Visa,4539084310287715
Visa,4916063720498156
Visa,4793137694894158
Visa,4485447112192462
Visa,4532645122595102
Visa,4532700826017026
Visa,4485528374787964
Visa,4716782071432058
Visa,4485149791978183
Visa,4485779881192079
Visa,4716011831327089
Visa,4006477714605652
Visa,4024007169191516
Visa,4916854693861085
Visa,4485229638364829
Visa,4539712298099955
Visa,4532217894291813
Visa,4929386607309500
Visa,4929620616534710
Visa,4485322418743179
Visa,4716480654143347
Visa,4539725674617141
Visa,4539226707101351
Visa,4485414380067651
Visa,4916173693632192
Visa,4674316388991033
Visa,4485970292183043
Visa,4929814911796112
Visa,4024007197036527
Visa,4539198976469654
Visa,4556323466307119
Visa,4532940402178319
Visa,4266387155288808
Visa,4916370910201641
Visa,4532023497721408
Visa,4231423356427499
Visa,4929546050032178
Visa,4024007141251677
Visa,4916892152503509
Visa,4532274259608800
Visa,4539746533847729
Visa,4716462294129027
Visa,4485353378228356
Visa,4106985448215068
Visa,4556376644833307
Visa,4539465619504027
Visa,4916631544498675
Visa,4024007115321027
Visa,4556932815645514
Visa,4024007155041907
Visa,4024007159416931
Visa,4539817279906894
Visa,4716532169530408
Visa,4139770559830850
Visa,4441023719222243
Visa,4929396027789199
Visa,4916974217350512
Visa,4929307933381583
Visa,4929667946211675
Visa,4539703010282623
Visa,4539972950750929
Visa,4929308044087085
Visa,4024007135640000
Visa,4916346875342471
Visa,4929210260977009
Visa,4916325048081448
Visa,4929378252162052
Visa,4539697138284455
Visa,4539300481631758
Visa,4023755010280554
Visa,4024007108029710
Visa,4485439301460370
Visa,4556166223545020
Visa,4916125009104498
Visa,4539026469376195
Visa,4539578440619804
Visa,4539896968063449
Visa,4716749941519380
Visa,4916009399722640
Visa,4539754006805687
Visa,4485002028488619
Visa,4929814701458048
Visa,4485959888073296
Visa,4929866453877916
Visa,4532809980302171
Visa,4556593762032336
Visa,4024007109289131
Visa,4716474791626843
Visa,4485772858456692
Visa,4532948643126856
Visa,4252467159691441
Visa,4539936143620307
Visa,4757970293378452
Visa,4539055917301000
Visa,4815273770569911
Visa,4716421970905381
Visa,4532112167814658
Visa,4024007109165430
Visa,4532427766435402
Visa,4539735813877183
Visa,4532408485270452
Visa,4024007130558710
Visa,4556562655734548
Visa,4024007151015962
Visa,4400935164778487
Visa,4681469236399536
Visa,4929375958027639
Visa,4024007119074127
Visa,4290198820820085
Visa,4940474783987953
Visa,4916692750932278
Visa,4916943403363597
Visa,4716091786915609
Visa,4024007150015757
Visa,4268028334444692
Visa,4532129950519799
Visa,4556750811040278
Visa,4539133501355938
Visa,4929077900863646
Visa,4716898083883300
Visa,4716928521382506
Visa,4276495896862274
Visa,4716850723102054
Visa,4388181710625502
Visa,4532823135347098
Visa,4532539251225211
Visa,4539310850880787
Visa,4556797067163312
Visa,4716680739793350
Visa,4556731323760991
Visa,4716517126231760
Visa,4929590411912090
Visa,4916669809965483
Visa,4929093810398334
Visa,4916299539581564
Visa,4716384715236902
Visa,4716192919644874
Visa,4485520462286769
Visa,4556213489450576
Visa,4532706430639337
Visa,4916241509882788
Visa,4485763645880435
Visa,4556942324377756
Visa,4929511390086466
Visa,4532372769604770
Visa,4916898844884801
Visa,4024007127055563
Visa,4532395427696789
Visa,4024007118206316
Visa,4883123383273087
Visa,4716101327845882
Visa,4532749057396021
Visa,4929189386459763
Visa,4485841186768209
Visa,4929804758503408
Visa,4539379183218197
Visa,4916598106667569
Visa,4556300173275839
Visa,4916982165377676
Visa,4532251905800080
Visa,4195543053706277
Visa,4539781945544523
Visa,4532930771037493
Visa,4631106716967231
Visa,4024007189945453
Visa,4556677291903040
Visa,4485740008792506
Visa,4866208515117541
Visa,4485497553743414
Visa,4929756840193244
Visa,4532660974318594
Visa,4916916096430683
Visa,4717745641696790
Visa,4716145686840109
Visa,4532156120090310
Visa,4485248408083070
Visa,4716455353705984
Visa,4556567904401260
Visa,4716436481703026
Visa,4532016842597598
Visa,4539310105468073
Visa,4485804413425472
Visa,4716512695692880
Visa,4532089852156910
Visa,4716594080646994
Visa,4485867542395221
Visa,4916577697612432
Visa,4532483227023535
Visa,4378664487808718
Visa,4485572842417986
Visa,4916838647023512
Visa,4916949927162621
Visa,4556948476017173
Visa,4024007193917985
Visa,4532369461815563
Visa,4556873761723626
Visa,4556681474067318
Visa,4337312199664876
Visa,4532771138851550
Visa,4916767893402692
Visa,4929057101278521
Visa,4916335728177572
Visa,4716872190160266
Visa,4539649725045641
Visa,4556896932531164
Visa,4716471643231160
Visa,4532628770508841
Visa,4539167035462653
Visa,4556361789917628
Visa,4716277835433906
Visa,4929255786647669
Visa,4929918350209022
Visa,4556967858488695
Visa,4714085286510490
Visa,4929789514951928
Visa,4929974083206017
Visa,4539113507163866
Visa,4322138957539498
Visa,4916902493771705
Visa,4916521260471800
Visa,4556863461228778
Visa,4916410028796098
Visa,4485660696614277
Visa,4916084270018160
Visa,4913901018887064
Visa,4556346533401466
Visa,4883514791884707
Visa,4716189124881010
Visa,4929629020814568
Visa,4539073078464509
Visa,4916080187443707
Visa,4929987121073199
Visa,4024007184727872
Visa,4539632446358345
Visa,4929945283308233
Visa,4916719355948704
Visa,4539709735855817
Visa,4556697687118672
Visa,4716283957203663
Visa,4556035226902415
Visa,4532340008221300
Visa,4114094675570749
Visa,4716029729404216
Visa,4929612124322837
Visa,4916565509802861
Visa,4716712800314913
Visa,4024007161217137
Visa,4024007129926597
Visa,4539650413639166
Visa,4929423005600717
Visa,4532888506772927
Visa,4539748456501218
Visa,4485082916755949
Visa,4024007186469812
Visa,4916727168145103
Visa,4716201816254677
Visa,4716966953685111
Visa,4556582993927851
Visa,4556532009678774
Visa,4024007121788094
Visa,4716523007457524
Visa,4024007112129746
Visa,4716729277423282
Visa,4916603141056305
Visa,4024007140222042
Visa,4188479938355841
Visa,4485849178500845
Visa,4716774987541973
Visa,4716290283017311
Visa,4676832452464689
Visa,4532110647589643
Visa,4539289787496869
Visa,4556105277381403
Visa,4024007154855372
Visa,4532491564566420
Visa,4916578157555327
Visa,4532616101225730
Visa,4916114701996385
Visa,4024007170025919
Visa,4375117654710251
Visa,4716391771800430
Visa,4532366916232493
Visa,4556316394084412
Visa,4556498428238907
Visa,4556877736782450
Visa,4101572473314241
Visa,4929313766293317
Visa,4556305232563596
Visa,4556072637903161
Visa,4916550310480180
Visa,4539726931852547
Visa,4916835837772643
Visa,4539656458325652
Visa,4024007127657350
Visa,4539271993385672
Visa,4539712178855526
Visa,4024007140957621
Visa,4024007177067195
Visa,4024007173142539
Visa,4539919134926651
Visa,4539176176999241
Visa,4716298223927085
Visa,4929428159072092
Visa,4894438760221054
Visa,4556966848663557
Visa,4929869677676668
Visa,4532803151925027
Visa,4929593439308549
Visa,4716744622744076
Visa,4024007140178228
Visa,4178358963030820
Visa,4532149757136878
Visa,4485626896949177
Visa,4539326452129498
Visa,4485193603507293
Visa,4532821506536349
Visa,4929885645677836
Visa,4929113668157176
Visa,4024007184568532
Visa,4485253487855968
Visa,4532207153863519
Visa,4485615456298828
Visa,4916101255856164
Visa,4485672228233500
Visa,4281640853701329
Visa,4556524113611445
Visa,4916044110122465
Visa,4532568362593621
Visa,4196234596186230
Visa,4916753151842662
Visa,4532780431707732
Visa,4485871685022998
Visa,4485568581683853
Visa,4916622278223199
Visa,4532571074875526
Visa,4556317951430105
Visa,4716634137048248
Visa,4716464378832674
Visa,4929177877733606
Visa,4929897979408738
Visa,4716474665778530
Visa,4556205001748347
Visa,4929819176665555
Visa,4539881931741289
Visa,4203650284775862
Visa,4485912287459517
Visa,4556516514975072
Visa,4916059533508181
Visa,4929780648879085
Visa,4539075963516699
Visa,4556370095904014
Visa,4485045539901513
Visa,4929786665705525
Visa,4485855639960866
Visa,4406050479425131
Visa,4532146195471131
Visa,4916128254828357
Visa,4539966645540620
Visa,4024007148490591
Visa,4032115292674769
Visa,4532912727523255
Visa,4716775427506906
Visa,4556710456193303
Visa,4129850100966346
Visa,4485990825541442
Visa,4916644486293582
Visa,4539084982800209
Visa,4024007109727643
Visa,4929769419858378
Visa,4929551369919529
Visa,4485295220385621
Visa,4532679564926566
Visa,4532546593805808
Visa,4264583615502125
Visa,4539217446946503
Visa,4024007109569474
Visa,4916343945421013
Visa,4929380185211980
Visa,4716868708799363
Visa,4556941565555591
Visa,4485439884174869
Visa,4539573983323369
Visa,4532642754791455
Visa,4929401610697591
Visa,4556816107622259
Visa,4916133409315938

IssuingNetwork,CardNumber
MasterCard,5521145462219595
MasterCard,5131828535294099
MasterCard,5488237246167165
MasterCard,5180187361803840
MasterCard,5285373495628808
MasterCard,5383676299482060
MasterCard,5361264629621339
MasterCard,5242996042030672
MasterCard,5201056496802438
MasterCard,5163218028090629
MasterCard,5348658244221102
MasterCard,5591508725482182
MasterCard,5385823458463931
MasterCard,5327613310215376
MasterCard,5158682521376842
MasterCard,5208574708839520
MasterCard,5171887665702637
MasterCard,5574780809716204
MasterCard,5365976463992320
MasterCard,5359097979458421
MasterCard,5201676424096835
MasterCard,5266030767544799
MasterCard,5133492296854928
MasterCard,5182040984151022
MasterCard,5429064834272740
MasterCard,5520260254627599
MasterCard,5293723809578224
MasterCard,5165613613467034
MasterCard,5524741827289914
MasterCard,5383123304198746
MasterCard,5381455460116217
MasterCard,5308729177477017
MasterCard,5545735373747874
MasterCard,5239522264673786
MasterCard,5335876367465232
MasterCard,5512882856933834
MasterCard,5183886030290670
MasterCard,5512263283646788
MasterCard,5267232022844175
MasterCard,5249212491913258
MasterCard,5351953229065796
MasterCard,5418234649053527
MasterCard,5284658945371061
MasterCard,5448105112733809
MasterCard,5207392105542253
MasterCard,5260764114169308
MasterCard,5366045684232046
MasterCard,5354845765634075
MasterCard,5305917159974571
MasterCard,5209059412015681
MasterCard,5109467658868070
MasterCard,5138742729938762
MasterCard,5143203439831931
MasterCard,5279771510406399
MasterCard,5359720009558924
MasterCard,5596815152614178
MasterCard,5166741086457544
MasterCard,5451716991751433
MasterCard,5223495986769778
MasterCard,5175742458630402
MasterCard,5442205928032226
MasterCard,5579425813163796
MasterCard,5582802080545381
MasterCard,5595487992178912
MasterCard,5416437140133878
MasterCard,5595359948510029
MasterCard,5136628159580103
MasterCard,5322327622991088
MasterCard,5153760975490619
MasterCard,5168149979257120
MasterCard,5395649609587932
MasterCard,5126532321693830
MasterCard,5550525967410373
MasterCard,5520952833679584
MasterCard,5513384000413853
MasterCard,5467835999113149
MasterCard,5507708388386745
MasterCard,5369413421024554
MasterCard,5187112809313973
MasterCard,5144968528974367
MasterCard,5246422671525417
MasterCard,5355581575510994
MasterCard,5314576029486353
MasterCard,5477112019306824
MasterCard,5138266981806756
MasterCard,5408927194906369
MasterCard,5444830748835884
MasterCard,5403237213606841
MasterCard,5503742487776492
MasterCard,5578782973193257
MasterCard,5370672796959036
MasterCard,5289904544511391
MasterCard,5258333292766063
MasterCard,5400485510264102
MasterCard,5597471704945048
MasterCard,5159249289962913
MasterCard,5282334931429378
MasterCard,5100348196220819
MasterCard,5518230456950143
MasterCard,5282541899776125
MasterCard,5240669571318444
MasterCard,5343782133586543
MasterCard,5495740370990741
MasterCard,5102325883444447
MasterCard,5546871034122238
MasterCard,5308353822302858
MasterCard,5112687740324874
MasterCard,5335583752828103
MasterCard,5174500849929011
MasterCard,5464043527055816
MasterCard,5320254088403063
MasterCard,5411181090147612
MasterCard,5362950858779504
MasterCard,5140529133811768
MasterCard,5328561886987531
MasterCard,5366803858092699
MasterCard,5476021350166112
MasterCard,5558992253133584
MasterCard,5241359254374869
MasterCard,5125697732921517
MasterCard,5333462159324358
MasterCard,5372876532181395
MasterCard,5243249177904066
MasterCard,5158745003418307
MasterCard,5224172955869116
MasterCard,5483583779258128
MasterCard,5548563306044269
MasterCard,5476838554157930
MasterCard,5541102970593660
MasterCard,5483036876594283
MasterCard,5412202510762910
MasterCard,5230018337564218
MasterCard,5224342921844077
MasterCard,5276215405248790
MasterCard,5490391334539474
MasterCard,5208497649012306
MasterCard,5371308463905999
MasterCard,5250604135358708
MasterCard,5158433477505293
MasterCard,5414831995957302
MasterCard,5597915079265606
MasterCard,5417631588630259
MasterCard,5147987354666878
MasterCard,5353451854988315
MasterCard,5174505469630203
MasterCard,5120624230214786
MasterCard,5140143188247595
MasterCard,5362253070319971
MasterCard,5173261214711648
MasterCard,5569905251190726
MasterCard,5283954265740675
MasterCard,5584022578471838
MasterCard,5350066975607140
MasterCard,5372704696505565
MasterCard,5337729388863612
MasterCard,5327250387284702
MasterCard,5144566504606704
MasterCard,5301250447287588
MasterCard,5591141351678426
MasterCard,5522341426254138
MasterCard,5451273632871865
MasterCard,5500654514339504
MasterCard,5253546991894481
MasterCard,5440350404144079
MasterCard,5143271103379123
MasterCard,5521146147830988
MasterCard,5245548732835832
MasterCard,5517190044184566
MasterCard,5300077457076416
MasterCard,5253966991917944
MasterCard,5169676779923682
MasterCard,5253511432469772
MasterCard,5310516908038366
MasterCard,5520750247326481
MasterCard,5329202850627337
MasterCard,5167379903081160
MasterCard,5109654131671326
MasterCard,5474778324121026
MasterCard,5123090106503834
MasterCard,5341905632569726
MasterCard,5259044407540538
MasterCard,5501733101400546
MasterCard,5164957586268502
MasterCard,5347059927778735
MasterCard,5261682244853394
MasterCard,5238855426342150
MasterCard,5427365229051009
MasterCard,5199244466530833
MasterCard,5201747165588726
MasterCard,5149773647169096
MasterCard,5234515326418708
MasterCard,5129894131951593
MasterCard,5273185134507456
MasterCard,5124804764225095
MasterCard,5463629049107803
MasterCard,5365273111863339
MasterCard,5355220793267778
MasterCard,5460299410848436
MasterCard,5152744107093864
MasterCard,5495861338176353
MasterCard,5123526248662798
MasterCard,5232134823187733
MasterCard,5140536393290765
MasterCard,5220699747364760
MasterCard,5322238568309807
MasterCard,5214122240267685
MasterCard,5142192955226041
MasterCard,5301090146398926
MasterCard,5475054854708296
MasterCard,5350995106058106
MasterCard,5568371794743771
MasterCard,5476753781729361
MasterCard,5226353710966631
MasterCard,5568118184518572
MasterCard,5190063422055738
MasterCard,5188821676397294
MasterCard,5147070630606529
MasterCard,5284761403541355
MasterCard,5595401040280604
MasterCard,5101496638150018
MasterCard,5119701453784316
MasterCard,5525948122631539
MasterCard,5590426763169234
MasterCard,5409341867737466
MasterCard,5434903763777307
MasterCard,5166580176693893
MasterCard,5348002105681247
MasterCard,5389498512903994
MasterCard,5461859883931511
MasterCard,5282853912216751
MasterCard,5456143645498243
MasterCard,5548595806429244
MasterCard,5114956804204423
MasterCard,5220338576424623
MasterCard,5466144199622988
MasterCard,5310497117500233
MasterCard,5330210675973650
MasterCard,5487449268788940
MasterCard,5337164595054856
MasterCard,5555150027374280
MasterCard,5245525743706418
MasterCard,5572935101271173
MasterCard,5313875918539426
MasterCard,5292701799364384
MasterCard,5532571382387179
MasterCard,5330282714132002
MasterCard,5228453501277269
MasterCard,5288376438916690
MasterCard,5481773181168435
MasterCard,5358981605087913
MasterCard,5557340174517520
MasterCard,5546097314042710
MasterCard,5528491844185580
MasterCard,5558410465439293
MasterCard,5421211482019208
MasterCard,5332303630411490
MasterCard,5492396685078004
MasterCard,5540690582365387
MasterCard,5109898067336111
MasterCard,5534829022202093
MasterCard,5429808919865392
MasterCard,5384976064441476
MasterCard,5404980010935058
MasterCard,5340379225361787
MasterCard,5285023923673807
MasterCard,5581156340809074
MasterCard,5432766145926724
MasterCard,5388799324611910
MasterCard,5221881182142765
MasterCard,5430338772954056
MasterCard,5589013521892795
MasterCard,5296130320858373
MasterCard,5220646274847469
MasterCard,5371565429216452
MasterCard,5370193309904948
MasterCard,5275936999758289
MasterCard,5176593420983489
MasterCard,5459832145710688
MasterCard,5113941753448602
MasterCard,5235676005428381
MasterCard,5443515649253417
MasterCard,5118968663507214
MasterCard,5176715942967621
MasterCard,5506499663105221
MasterCard,5165546135659573
MasterCard,5556238572969320
MasterCard,5194608947331976
MasterCard,5268052943093408
MasterCard,5234260467166473
MasterCard,5556440976518832
MasterCard,5539964945286686
MasterCard,5517120190296294
MasterCard,5440354638163285
MasterCard,5355547060449535
MasterCard,5559737790408174
MasterCard,5296057486282082
MasterCard,5296371295737529
MasterCard,5371084282248487
MasterCard,5322174016762091
MasterCard,5240909610768799
MasterCard,5316588867568786
MasterCard,5127334571615855
MasterCard,5419917571039154
MasterCard,5436917386529349
MasterCard,5318173461797186
MasterCard,5533508708494023
MasterCard,5469196084257301
MasterCard,5311075739467319
MasterCard,5323803276738487
MasterCard,5237296182999332
MasterCard,5310571898722503
MasterCard,5483597079127650
MasterCard,5301228482909134
MasterCard,5340073688635635
MasterCard,5479058705936531
MasterCard,5328102495813907
MasterCard,5394215449024956
MasterCard,5569652120056890
MasterCard,5505279153238547
MasterCard,5139405153115559
MasterCard,5295518124615273
MasterCard,5106341225043397
MasterCard,5501230175903737
MasterCard,5158565058693566
MasterCard,5457203492097172
MasterCard,5118845407361753
MasterCard,5503753357682314
MasterCard,5398864956327611
MasterCard,5363046738586513
MasterCard,5583551784830610
MasterCard,5353463513766826
MasterCard,5183554398712277
MasterCard,5582165556587968
MasterCard,5157957176118041
MasterCard,5350586720506289
MasterCard,5212648421855908
MasterCard,5408256768468188
MasterCard,5345777695689840
MasterCard,5472572191056031
MasterCard,5281892099256223
MasterCard,5242537657148126
MasterCard,5549362130874283
MasterCard,5186612999743211
MasterCard,5201881703802131
MasterCard,5180520364482818
MasterCard,5275585892640191
MasterCard,5276158878954447
MasterCard,5424138611343786
MasterCard,5572446759935291
MasterCard,5533376464210615
MasterCard,5283892698380075
MasterCard,5450680745704471
MasterCard,5445681648098126
MasterCard,5356529558424658
MasterCard,5185789975708888
MasterCard,5316471505434994
MasterCard,5262660979436675
MasterCard,5125232026806958
MasterCard,5354198799959575
MasterCard,5322764082184459
MasterCard,5365742088856369
MasterCard,5142204514003025
MasterCard,5365639120500627
MasterCard,5578692874021715
MasterCard,5515762812878819
MasterCard,5296914219763236
MasterCard,5506630060305705
MasterCard,5117964926706249
MasterCard,5122912821497789
MasterCard,5422151558687133
MasterCard,5101288351229743
MasterCard,5593385685339191
MasterCard,5175381092535121
MasterCard,5458554687436495
MasterCard,5324655894465631
MasterCard,5120008900160521
MasterCard,5303223353119622
MasterCard,5442031346309115
MasterCard,5520844825520225
MasterCard,5266929667217770
MasterCard,5371547511977209
MasterCard,5483925319407345
MasterCard,5240334205678933
MasterCard,5151430694916441
MasterCard,5525433317818167
MasterCard,5291240489942564
MasterCard,5455394497157798
MasterCard,5144450704818866
MasterCard,5385852104189053
MasterCard,5367616290603413
MasterCard,5224011547077707
MasterCard,5204327932149552
MasterCard,5461423514759898
MasterCard,5282298371262211
MasterCard,5179477554712624
MasterCard,5334805875019661
MasterCard,5100090050991651
MasterCard,5265468839511530
MasterCard,5131542481744508
MasterCard,5171758718864411
MasterCard,5584832487745571
MasterCard,5207894913014706
MasterCard,5503523069510743
MasterCard,5228723733183414
MasterCard,5526451618910805
MasterCard,5512700769137113
MasterCard,5144067122655488
MasterCard,5273248697586588
MasterCard,5242181254947547
MasterCard,5296681910027811
MasterCard,5363640317655879
MasterCard,5325958731833493
MasterCard,5494606932251693
MasterCard,5252091358701434
MasterCard,5530687983550312
MasterCard,5460905910626151
MasterCard,5259175625781833
MasterCard,5325835128829187
MasterCard,5293584527010159
MasterCard,5289896192959361
MasterCard,5309185277208050
MasterCard,5235965246213458
MasterCard,5431934054453400
MasterCard,5150718746255771
MasterCard,5115224329373069
MasterCard,5438040715279516
MasterCard,5338761202197264
MasterCard,5486430402481924
MasterCard,5294143331456493
MasterCard,5246522349733838
MasterCard,5106096012145306
MasterCard,5109904369380920
MasterCard,5314095708752951
MasterCard,5436409987616162
MasterCard,5577063719973109
MasterCard,5128483356500755
MasterCard,5313416564176591
MasterCard,5185180430654448
MasterCard,5442145160285373
MasterCard,5242837238809166
MasterCard,5410418556353917
MasterCard,5252410346991743
MasterCard,5543504246167062
MasterCard,5522832778603856
MasterCard,5466525628005474
MasterCard,5593235618654929
MasterCard,5577710464630611
MasterCard,5444885902798419
MasterCard,5520836346123455
MasterCard,5346642114013783
MasterCard,5517515994193011
MasterCard,5531927164043979
MasterCard,5338943337716636
MasterCard,5299483597260469
MasterCard,5146410516280406
MasterCard,5149719279604645
MasterCard,5175522441266245
MasterCard,5183644776184411
MasterCard,5274454956302597
MasterCard,5305530584513508
MasterCard,5482678618916752
MasterCard,5433839726052670
MasterCard,5418802879157612
MasterCard,5486627863033611
MasterCard,5455030620827036
MasterCard,5109264590960739
MasterCard,5168843272273517
MasterCard,5535283262566396
MasterCard,5401738115095852
MasterCard,5545524267592038
MasterCard,5519157801273294
MasterCard,5473338231076739
MasterCard,5383735820299052
MasterCard,5333111888240266
MasterCard,5275344604779990
MasterCard,5467175620863402
MasterCard,5478869834836165
MasterCard,5424373926615772
MasterCard,5249976826979362
MasterCard,5308078008768784
MasterCard,5322809180354403
MasterCard,5201670683286260
MasterCard,5252122135311476
MasterCard,5563174055879697
MasterCard,5429455565649645
MasterCard,5183579667707831
MasterCard,5286570831822438
MasterCard,5460606295850669
MasterCard,5332226872197461
MasterCard,5154248932236514
MasterCard,5212420999433199
MasterCard,5124557667114929
MasterCard,5149910612368614
MasterCard,5406288225318716
MasterCard,5508690221785789
MasterCard,5138795061827282
MasterCard,5201830963923954
MasterCard,5261169455721767
MasterCard,5534208567876514
MasterCard,5561475666828367
MasterCard,5534326193846550
MasterCard,5255342777193332
MasterCard,5130498733954398
MasterCard,5416058759215028
MasterCard,5477890928606687
MasterCard,5192605216811193
MasterCard,5446746820949369
MasterCard,5304866487033678
MasterCard,5365998076434664
MasterCard,5363977837077311
MasterCard,5110688155760232
MasterCard,5228975655359691
MasterCard,5252314950057017
MasterCard,5469183749083140
MasterCard,5410468019770777
MasterCard,5411734934210994
MasterCard,5422734690921112
MasterCard,5127859378625756
MasterCard,5321463835471815
MasterCard,5279067196736526
MasterCard,5445632878803248
MasterCard,5359285192372715
MasterCard,5587670381833060
MasterCard,5197390600125881
MasterCard,5122626099411724
MasterCard,5175168942046502
MasterCard,5417221410126294
MasterCard,5462001298880871
MasterCard,5385284179931880
MasterCard,5422260472576312
MasterCard,5584721110502360
MasterCard,5546880506143382
MasterCard,5264510609037807
MasterCard,5258534402056283
MasterCard,5592846697090974
MasterCard,5399139531449936
MasterCard,5435234772944624
MasterCard,5364788170009871
MasterCard,5188176173781445
MasterCard,5490830798605917
MasterCard,5490046867829193
MasterCard,5254498143202388
MasterCard,5337120512451567
MasterCard,5339120739370010
MasterCard,5531108752568731
MasterCard,5217194217944163
MasterCard,5523285947873901
MasterCard,5196700372776094
MasterCard,5598906778149802
MasterCard,5393206203080624
MasterCard,5488883672008777
MasterCard,5324858702117192
MasterCard,5329324109761533
MasterCard,5403057805153899
MasterCard,5295698296277159
MasterCard,5166522472782608
MasterCard,5474920245503052
MasterCard,5157414399577827
MasterCard,5284425919184619
MasterCard,5252988805386265
MasterCard,5578595337335509
MasterCard,5410943501274710
MasterCard,5425103514748001
MasterCard,5380463684257735
MasterCard,5183899029901744
MasterCard,5198620887096580
MasterCard,5332511365117666
MasterCard,5359954530804362
MasterCard,5415271080770188
MasterCard,5318990699624167
MasterCard,5332004413632845
MasterCard,5568186905973400
MasterCard,5589561137550843
MasterCard,5102867809888090
MasterCard,5247518090209316
MasterCard,5526180753645476
MasterCard,5564465906716339
MasterCard,5257114168557898
MasterCard,5139513666030775
MasterCard,5330220139433290
MasterCard,5426602341333092
MasterCard,5579747036110381
MasterCard,5288501663917424
MasterCard,5558706522748059
MasterCard,5586452332601255
MasterCard,5549839696082468
MasterCard,5103253667462865
MasterCard,5311860146104807
MasterCard,5479582127597530
MasterCard,5286547375158585
MasterCard,5317349064430158
MasterCard,5203175871792903
MasterCard,5507209965992120
MasterCard,5463951278481711
MasterCard,5346775288882623
MasterCard,5572498996033646
MasterCard,5458010582467259
MasterCard,5202919190618989
MasterCard,5468102582099881
MasterCard,5304562739364538
MasterCard,5193001396940714
MasterCard,5545341714354908
MasterCard,5433445922703122
MasterCard,5143383357430831
MasterCard,5574952503510924
MasterCard,5142532099506370
MasterCard,5120734026349033
MasterCard,5147463189722799
MasterCard,5197701528296804
MasterCard,5165571745526152
MasterCard,5479110913302475
MasterCard,5345702510811262
MasterCard,5121254464044201
MasterCard,5560410667298576
MasterCard,5101842816552394
MasterCard,5203928845196928
MasterCard,5391453390927488
MasterCard,5365720272485195
MasterCard,5295416553815565
MasterCard,5554106282509946
MasterCard,5496132805395275
MasterCard,5405353523496563
MasterCard,5262808914002967
MasterCard,5465366796589309
MasterCard,5380154117112957
MasterCard,5555908038145217
MasterCard,5274408622163452
MasterCard,5346065902084750
MasterCard,5531147281492443
MasterCard,5408733730023283
MasterCard,5250356057288393
MasterCard,5378832164931353
MasterCard,5122554240141380
MasterCard,5279985138616144
MasterCard,5466765769618103
MasterCard,5253013895173272
MasterCard,5417186548496663
MasterCard,5214353040948469
MasterCard,5414288721030617
MasterCard,5427461755321377
MasterCard,5173950444186304
MasterCard,5174931748034407
MasterCard,5409813307015513
MasterCard,5498036623050145
MasterCard,5494559732813230
MasterCard,5598056534771448
MasterCard,5347466154052157
MasterCard,5183345446332808
MasterCard,5101219928373672
MasterCard,5301052564073605
MasterCard,5357567019453006
MasterCard,5343115677132269
MasterCard,5421078864003401
MasterCard,5498393075074705
MasterCard,5222531738342299
MasterCard,5358888328497420
MasterCard,5490116057722464
MasterCard,5355188378312535
MasterCard,5268821708023366
MasterCard,5474562806299736
MasterCard,5542372636984228
MasterCard,5413887513403675
MasterCard,5126055482485721
MasterCard,5371310201961391
MasterCard,5549579617692710
MasterCard,5130811533772036
MasterCard,5366422104021889
MasterCard,5482519837201495
MasterCard,5445948703440430
MasterCard,5233284226362612
MasterCard,5202993996821162
MasterCard,5429499200927354
MasterCard,5376596796146316
MasterCard,5309153061257170
MasterCard,5177565729943231
MasterCard,5220727533171741
MasterCard,5460922940455410
MasterCard,5222543169173606
MasterCard,5334302729677910
MasterCard,5100083531538688
MasterCard,5203353452955393
MasterCard,5448914145804374
MasterCard,5156006647439825
MasterCard,5373986003588330
MasterCard,5247647898861059
MasterCard,5161214370751472
MasterCard,5513422036145212
MasterCard,5499902382177339
MasterCard,5539983726560788
MasterCard,5493512412715465
MasterCard,5392185573390303
MasterCard,5373985637030115
MasterCard,5498997147176916
MasterCard,5171210241929790
MasterCard,5238893218690346
MasterCard,5269966228402589
MasterCard,5350943153515958
MasterCard,5246254551243724
MasterCard,5373649359798735
MasterCard,5285454949172948
MasterCard,5268315128207618
MasterCard,5440318877265812
MasterCard,5361399121475683
MasterCard,5510704299491471
MasterCard,5156389050039245
MasterCard,5467170497269742
MasterCard,5225237425039985
MasterCard,5513176453322122
MasterCard,5542099177258239
MasterCard,5226235714285623
MasterCard,5435467136286338
MasterCard,5281155305712102
MasterCard,5460066259426529
MasterCard,5161552092877376
MasterCard,5119645812096484
MasterCard,5348464787043106
MasterCard,5370789766998586
MasterCard,5112036837184439
MasterCard,5256776990063351
MasterCard,5363146814956463
MasterCard,5500914603927399
MasterCard,5393204431991779
MasterCard,5195625276176631
MasterCard,5106132895567181
MasterCard,5219784129639774
MasterCard,5392283827357952
MasterCard,5137217034092721
MasterCard,5134574088667565
MasterCard,5519513484676445
MasterCard,5161857003935084
MasterCard,5515902952146797
MasterCard,5480967587745744
MasterCard,5556947893233477
MasterCard,5175799212431964
MasterCard,5159333111709096
MasterCard,5371048381779320
MasterCard,5244722675377406
MasterCard,5449745279812943
MasterCard,5332312862412225
MasterCard,5225175713005187
MasterCard,5574811587803623
MasterCard,5503159940842623
MasterCard,5188748932383943
MasterCard,5235767459429270
MasterCard,5405107072304200
MasterCard,5361086522262121
MasterCard,5517061987372544
MasterCard,5325427688604471
MasterCard,5587221038813624
MasterCard,5558255825668416
MasterCard,5289955763879489
MasterCard,5151032618047475
MasterCard,5463957639651892
MasterCard,5309522764926820
MasterCard,5531018610770280
MasterCard,5243311520363216
MasterCard,5375187973014591
MasterCard,5415549733760296
MasterCard,5386032787299698
MasterCard,5246648174149996
MasterCard,5590207937208102
MasterCard,5410658390113585
MasterCard,5566551121549031
MasterCard,5193017078943248
MasterCard,5197279091108599
MasterCard,5103589482423669
MasterCard,5165783211211157
MasterCard,5473473992148516
MasterCard,5406214601956309
MasterCard,5151967596631230
MasterCard,5238725741640853
MasterCard,5271521941293272
MasterCard,5184307599085939
MasterCard,5268825091594305
MasterCard,5217252416221302
MasterCard,5428873490187286
MasterCard,5413297776489629
MasterCard,5491860061783884
MasterCard,5543796868364510
MasterCard,5285492330224647
MasterCard,5259701759382187
MasterCard,5340500469697822
MasterCard,5264102714927229
MasterCard,5530031319048917
MasterCard,5468529099008387
MasterCard,5496995349837584
MasterCard,5209051187425203
MasterCard,5119802798610693
MasterCard,5306068350987761
MasterCard,5388340125632571
MasterCard,5409591441148057
MasterCard,5110816793853297
MasterCard,5234976813128053
MasterCard,5464779821640957
MasterCard,5364459601077958
MasterCard,5477133242101220
MasterCard,5340075348449497
MasterCard,5406234031918174
MasterCard,5150520294970672
MasterCard,5106681666041727
MasterCard,5117827904771420
MasterCard,5332438363586736
MasterCard,5512661407255131
MasterCard,5241200753852932
MasterCard,5188970398235181
MasterCard,5564560069412781
MasterCard,5509156092579783
MasterCard,5193104550589341
MasterCard,5458965805448503
MasterCard,5355636646731365
MasterCard,5375015669402525
MasterCard,5197200936946308
MasterCard,5146869592337879
MasterCard,5404607423380040
MasterCard,5508475179493606
MasterCard,5182423058404339
MasterCard,5262658573420350
MasterCard,5206239341198740
MasterCard,5154716040235859
MasterCard,5164745825777155
MasterCard,5110981144721989
MasterCard,5121839217159296
MasterCard,5214447914827062
MasterCard,5217909403237423
MasterCard,5206076427552832
MasterCard,5289392198304430
MasterCard,5121874979683233
MasterCard,5145351986207704
MasterCard,5557580356557667
MasterCard,5563574279258810
MasterCard,5168237244788969
MasterCard,5433456288442866
MasterCard,5539688301516689
MasterCard,5284022866250533
MasterCard,5348738484708958
MasterCard,5198210639933262
MasterCard,5177684273330040
MasterCard,5117505245922841
MasterCard,5404180196966619
MasterCard,5555997227129421
MasterCard,5378866512422962
MasterCard,5230743232244505
MasterCard,5427245340985139
MasterCard,5518692899480592
MasterCard,5345583997413594
MasterCard,5392338690604896
MasterCard,5214513105035276
MasterCard,5531653208298193
MasterCard,5244000237586339
MasterCard,5474739608074810
MasterCard,5314198602119861
MasterCard,5206798909286643
MasterCard,5438720163268711
MasterCard,5480737551081263
MasterCard,5525271481897371
MasterCard,5107015868220970
MasterCard,5250569363987322
MasterCard,5442922792846669
MasterCard,5395034134398693
MasterCard,5179219746607076
MasterCard,5361492732831954
MasterCard,5258544179795500
MasterCard,5146510474705383
MasterCard,5444187705889994
MasterCard,5161882857394964
MasterCard,5152734790506660
MasterCard,5504631685269575
MasterCard,5515483814069808
MasterCard,5403297692464021
MasterCard,5187440386899332
MasterCard,5358095581988976
MasterCard,5196098871826464
MasterCard,5508651815037987
MasterCard,5501002506535961
MasterCard,5369978299557406
MasterCard,5526413736900720
MasterCard,5350388491537761
MasterCard,5265412375212806
MasterCard,5234499080832612
MasterCard,5537090583446267
MasterCard,5384612196943135
MasterCard,5169163025976467
MasterCard,5257577237228545
MasterCard,5348438076710955
MasterCard,5351325611955423
MasterCard,5466875056794713
MasterCard,5433866267155604
MasterCard,5414369459336218
MasterCard,5480605596112106
MasterCard,5225324257091597
MasterCard,5507933047430755
MasterCard,5320319425620677
MasterCard,5151349895754577
MasterCard,5549140716916789
MasterCard,5133030659636514
MasterCard,5248988758549742
MasterCard,5503487806681789
MasterCard,5465474512496955
MasterCard,5137495901875028
MasterCard,5226306558314496
MasterCard,5380389485645721
MasterCard,5405354612193467
MasterCard,5363291976509583
MasterCard,5435706490788854
MasterCard,5202737445202700
MasterCard,5556187746117029
MasterCard,5475071089789222
MasterCard,5468669421351988
MasterCard,5440470032752455
MasterCard,5551787850166236
MasterCard,5474095392418725
MasterCard,5235706224941433
MasterCard,5391662529211073
MasterCard,5102387220347121
MasterCard,5155800524397622
MasterCard,5354999149905931
MasterCard,5285844681542805
MasterCard,5559854719120861
MasterCard,5261891583109140
MasterCard,5496700730700270
MasterCard,5291522463085449
MasterCard,5295894552337361
MasterCard,5186935842737241
MasterCard,5162055743408962
MasterCard,5413115913231128
MasterCard,5118836815358598
MasterCard,5104189833831220
MasterCard,5333719760125239
MasterCard,5105440049516645
MasterCard,5157118627149982
MasterCard,5291499795774877
MasterCard,5586572544964926
MasterCard,5463989787357220
MasterCard,5575266598496421
MasterCard,5256115644594059
MasterCard,5382572615470635
MasterCard,5151998460823686
MasterCard,5433572631437906
MasterCard,5506010617492654
MasterCard,5182251792205781
MasterCard,5144782058159780
MasterCard,5339271545690719
MasterCard,5387944676223275
MasterCard,5221117431021231
MasterCard,5440807295118835
MasterCard,5494271519831092
MasterCard,5566748876078543
MasterCard,5133632419299655
MasterCard,5423746402460477
MasterCard,5197999848161878
MasterCard,5565908508547478
MasterCard,5540241672655665
MasterCard,5515134215013958
MasterCard,5347546416382078
MasterCard,5422932113655370
MasterCard,5166406510258161
MasterCard,5186141806962665
MasterCard,5475730577931444
MasterCard,5503750050823468
MasterCard,5267875718603998
MasterCard,5172274984977225
MasterCard,5196779036295956
MasterCard,5598470346234034
MasterCard,5104029699475045
MasterCard,5345960552967042
MasterCard,5412435004875380
MasterCard,5386778035759319
MasterCard,5478823770268164
MasterCard,5114057039843653
MasterCard,5225293025391144
MasterCard,5151483072193117
MasterCard,5403923927175799
MasterCard,5591085467903113
MasterCard,5220008633435025
MasterCard,5434718263924666
MasterCard,5452852812264287
MasterCard,5172283649023648
MasterCard,5549518727509679
MasterCard,5204467944112709
MasterCard,5589423302944675
MasterCard,5375804733874938
MasterCard,5356684836873448
MasterCard,5414041245706364
MasterCard,5599186211935914
MasterCard,5565438711681534
MasterCard,5528986435060506
MasterCard,5105097589683472
MasterCard,5449430168777123
MasterCard,5415157135519268
MasterCard,5371354725677752
MasterCard,5550205040139329
MasterCard,5321930288149437
MasterCard,5217497516745987
MasterCard,5317619285533273
MasterCard,5324434669750043
MasterCard,5451084683977208
MasterCard,5103486853517593
MasterCard,5459458298364527
MasterCard,5213861318304851
MasterCard,5226552661102639
